,AUC,acc,sen,spe,AUC,acc,sen,spe
0,0.880347641237354,0.7980769230769231,0.8151847337477789,0.7822056735675929,0.8627546789860224,0.8038461538461539,0.7738092167423744,0.8320892417577457
